"date","g_E","g_I","g_P","headline_mean","mu_median","mu_q05","mu_q95","mu_q25","mu_q75"
1959-12-01,0.836564527257444,0.0444489835109252,1.96399323555099,0.948335582106452,0.759746375,-0.10134011475,1.87321092,0.315608525,1.249909275
1960-03-01,0.0545317103007648,0.403939251247465,1.05767733418762,0.505382765245284,0.64748905,-0.034630436125,1.37460139125,0.37581464375,0.94587346875
1960-06-01,5.03884010846125,0.991515440210478,2.0835726477948,2.70464273215551,1.4133684375,0.6725881625,2.30809732125,1.07899531875,1.7939390125
1960-09-01,-2.58496200254452,1.71096900899261,1.51373009936862,0.213245701938902,1.381317825,0.44398517875,2.02681210125,1.0466768,1.6611941
1960-12-01,0.857113709981938,-0.138650221739667,-1.29470866620913,-0.192081725988954,-0.2703346625,-1.0905210825,0.50049892875,-0.58746446875,0.01077377875
1961-03-01,2.14873324122173,-0.35741438503738,-0.87656661171831,0.304917414822015,-0.28083735,-0.93044348,0.61884888125,-0.544082025,0.032113716875
1961-06-01,-0.475093795455983,-1.23504145267965,-1.62563688898665,-1.11192404570743,-1.0509028125,-1.67680281125,-0.204020557,-1.31509694375,-0.74323545625
1961-09-01,-0.801230387153851,-0.812408196042824,-0.559309636862793,-0.724316073353156,-0.509008,-1.12176404375,0.26534895,-0.757239225,-0.223726605625
1961-12-01,0.856617360846812,1.29693962213775,1.27628992256863,1.14328230185106,1.1999354125,0.478592015,1.8286049825,0.92929184375,1.4467127
1962-03-01,1.95990921369731,3.40048988064066,2.94294070516159,2.76777993316652,2.713654625,1.76254896,3.4279256375,2.36298655625,3.011957875
1962-06-01,1.81111278826425,2.59600006313967,1.26589914718398,1.8910039995293,1.7630525125,0.90332609875,2.5912337125,1.4018316125,2.1244811125
1962-09-01,0.320554845223597,-0.0111037086499621,2.12894358901199,0.812798241861875,0.8080915375,-0.087910760625,1.84170429125,0.393503775,1.24219910625
1962-12-01,2.38244853588068,0.748951157511257,2.19637584225421,1.77592517854871,1.335275975,0.50920309375,2.26142092625,0.9624457875,1.71357040625
1963-03-01,2.38848265456095,2.34412964203106,2.16229420903691,2.29830216854297,2.0109749125,1.2038034425,2.681152775,1.71016959375,2.28981741875
1963-06-01,-2.20975159715149,0.193602573002138,-1.93569747084474,-1.31728216499803,-0.4049634875,-1.54668725875,0.500176561249999,-0.85703226875,0.011264838375
1963-09-01,4.08008302751313,4.0103090937599,3.97510439493551,4.02183217206951,3.44906675,2.48475469875,4.121304525,3.08901125,3.756099125
1963-12-01,2.71421075082312,1.57010963233351,2.05534628328454,2.11322222214706,1.6784319,0.9773757025,2.390977995,1.40630976875,1.95991216875
1964-03-01,0.465454040702795,-0.276791433368828,-0.69417291714764,-0.168503436604558,-0.17595342375,-0.822681025,0.59545740125,-0.4527190375,0.108264766875
1964-06-01,3.23165092171056,1.58319453855089,2.51039992423969,2.44174846150038,1.8462938375,1.12657254625,2.59822135,1.554723625,2.15486783125
1964-09-01,-1.26547935105936,1.68977202694656,1.42370463537933,0.615999103755508,1.329385925,0.47981888875,1.9868325475,1.0120323,1.60431044375
1964-12-01,3.6098731368627,2.23137342032231,2.54260338349788,2.7946166468943,2.2139346625,1.47385707625,2.8669181,1.93909949375,2.4731310875
1965-03-01,0.912014428240582,1.44296568658664,0.209817970877957,0.854932695235059,0.897627025,0.125441136375,1.65653012375,0.5670019375,1.2248879
1965-06-01,1.36730291068048,1.50019796605072,1.77269819581447,1.54673302418189,1.4703609875,0.75854960125,2.09907074,1.1987805125,1.72366450625
1965-09-01,-0.0236943243724141,-0.410080854698691,-0.475120403858043,-0.302965194309716,-0.21183037,-0.86841746125,0.56867065125,-0.4761420125,0.090340504375
1965-12-01,1.0747925615453,-0.881196111930116,0.554735150383401,0.249443866666195,0.11745706125,-0.796469425,0.986857787499999,-0.27337889375,0.48640504375
1966-03-01,-1.35956322898636,0.407089591620391,0.12996587800842,-0.274169253119183,0.2261662425,-0.56180702625,0.957501178749999,-0.085366275,0.51977999375
1966-06-01,1.93555644338961,1.56921105236645,0.523002115368953,1.342589870375,1.14982095,0.27181786875,1.99511309125,0.8004179375,1.49351701875
1966-09-01,2.52623306590003,1.40107855957954,4.47175134464626,2.79968765670861,2.0649613625,1.06751942,3.240526675,1.63275193125,2.543722625
1966-12-01,0.411885363429931,1.17617307901625,0.381916948748895,0.656658463731693,0.8222572625,-0.0820745475,1.70553685125,0.45566235625,1.1724423625
1967-03-01,4.28436341255622,4.3135403686021,2.87639162337108,3.82476513484313,2.865176875,1.7914725275,3.863474025,2.45402861875,3.270531125
1967-06-01,-0.728662517022904,-0.109447215678493,0.428365343886306,-0.136581462938364,0.2884124,-0.608095795,1.189632955,-0.069765190625,0.644827075
1967-09-01,3.01481936378032,1.30381069163903,1.23382575842825,1.85081860461587,1.2841849625,0.35200604375,2.200450645,0.9197096875,1.6388614375
1967-12-01,1.24525587144877,1.48162211692924,-0.164277938931612,0.854200016482132,0.727996425,-0.28291655,1.74605432625,0.2957340875,1.1553273125
1968-03-01,-3.00196765700793,-1.77715751704266,2.18282822577649,-0.865432316091367,0.21322821875,-1.23563712625,1.54126816375,-0.393631175,0.787956925
1968-06-01,5.22031556641434,4.88036844181554,1.15631954461328,3.75233451761439,2.2083520875,0.9571271275,3.6461125,1.65655955625,2.7846236875
1968-09-01,0.112131033164253,0.399887681295397,3.45903733404729,1.32368534950231,1.4274484,0.2054937195,2.7372650875,0.90082196875,1.98303248125
1968-12-01,4.89354488351257,4.02391054804347,2.05611148944982,3.65785564033529,2.3370757,1.24226020625,3.45580455,1.8949475875,2.7993249375
1969-03-01,-2.48030348015913,-1.20033933571015,1.66311390557272,-0.672509636765521,0.3626972375,-0.892313,1.53675606625,-0.141933293125,0.87027289375
1969-06-01,3.09146546061303,1.2536333790111,1.52450477520585,1.95653453827666,1.3871822,0.4760272225,2.28456592375,1.02895590625,1.72741874375
1969-09-01,0.748171634962524,2.38995981112851,1.76616970812766,1.63476705140623,1.6597838375,0.73837799875,2.4729200525,1.2981671625,1.9920003875
1969-12-01,1.91492460249769,2.7116289199979,2.20931072560422,2.27862141603327,2.0498770375,1.14763316375,2.7985044625,1.72196120625,2.35162051875
1970-03-01,3.21352113465423,1.93633880374833,1.01879335058239,2.05621776299498,1.4014964625,0.63925888,2.24037014375,1.079845425,1.75282283125
1970-06-01,1.74189292044122,1.98693525073228,2.29362641119017,2.00748486078789,1.888408475,1.018317435,2.5724993875,1.5583977125,2.185816225
1970-09-01,0.368786110514208,-1.17379846551895,0.171601766815677,-0.211136862729688,-0.0669636825,-0.9664345075,0.750849488749999,-0.4280410625,0.248728235625
1970-12-01,-0.90613368970125,1.26396269932787,0.948256587959051,0.43536186586189,0.9006188875,0.1063457475,1.60948839375,0.59207466875,1.19354230625
1971-03-01,2.12027624788718,1.34773791201805,0.250499340128307,1.23950450001118,0.860299875,0.08675227375,1.675908775,0.52599283125,1.202378825
1971-06-01,-0.0176551802523406,1.21554541983624,0.0928830240896517,0.43025775455785,0.663822925,-0.159306431375,1.47407079625,0.3195153,1.0124866125
1971-09-01,3.82725043311858,2.21663659967515,3.16382216567916,3.06923639949096,2.3426851,1.48015956625,3.1296995,2.0125667875,2.67547575
1971-12-01,-1.47086649839032,0.451068734548699,0.0470389671168192,-0.324252932241601,0.2709450875,-0.50652397625,1.0170814825,-0.034242853125,0.55972880625
1972-03-01,-0.536045965499987,-1.20533987705365,-1.83914032019192,-1.19350872091519,-0.94904965,-1.71537421875,0.0469926698749998,-1.27001078125,-0.58175819375
1972-06-01,2.64789686549474,1.94858631330703,2.00912612654296,2.20186976844824,1.7241308875,0.84081289,2.49325992625,1.37812936875,2.0338305
1972-09-01,0.328383161195767,-0.14766818479135,-1.7509361960327,-0.523407073209429,-0.3070011375,-1.24241648375,0.654502863749996,-0.67256123125,0.067493785625
1972-12-01,-0.232521410791264,1.61646319226474,1.75231701098966,1.04541959748771,1.330076125,0.33766919875,2.1513165725,0.95116679375,1.66677838125
1973-03-01,1.96040166569968,2.52218608540726,3.22812453286456,2.5702374279905,2.1903754375,1.11378571875,3.1007959625,1.78587686875,2.570171
1973-06-01,1.50188174216623,-0.968039098597373,0.0434412130271511,0.19242795219867,0.173994055,-0.7907087675,1.230339565,-0.2200570275,0.59237911875
1973-09-01,-3.21293360956467,3.50836554438381,2.5966234620622,0.964018465627111,1.7237641125,0.3902474625,2.8186653375,1.20632316875,2.1950266875
1973-12-01,5.18077308344544,-1.38041926104133,3.68209542838969,2.4941497502646,1.6833413375,-0.062497185125,3.194149775,0.9710235625,2.36473878125
1974-03-01,0.356618060184744,-0.0620953022773207,-0.183403312469821,0.0370398151458673,0.17301342625,-0.75456195,1.1839561025,-0.203143695,0.56507114375
1974-06-01,-3.97399844220097,0.0697745159294882,-2.26670479652551,-2.05697624093233,-0.8100430875,-2.0097519125,0.377881572499999,-1.32947705,-0.29997620625
1974-09-01,2.10021915040528,0.941342271620194,0.495871435446205,1.17914428582389,0.7650673,-0.0237866994125,1.61367675875,0.446938,1.11562195
1974-12-01,-0.345793947382589,-0.00316962233970486,0.669649630268587,0.106895353515431,0.421837275,-0.38751456,1.2267609325,0.10693518625,0.7318367625
1975-03-01,1.005456808379,0.594760168192643,-0.42039885093903,0.393272708544205,0.21794662,-0.55885062375,1.116574445,-0.12201326,0.57604775
1975-06-01,4.26646249662745,3.39567955189732,1.66293335303003,3.10835846718494,2.089634,1.28282052625,3.0630061875,1.73510111875,2.4767024
1975-09-01,-0.875985029646387,-1.43192630699112,-1.03933918694636,-1.11575017452796,-0.86614625,-1.52794892625,-0.0644014492500002,-1.1294256625,-0.5651345
1975-12-01,-2.30699462758732,-0.901893995003178,-1.35456956258384,-1.52115272839145,-0.9609621125,-1.56031945625,-0.206955059875,-1.22600423125,-0.66739369375
1976-03-01,5.4873360045276,3.86137969286704,3.69929876825168,4.34933815521544,3.463141,2.6531692,4.0334131,3.1640049375,3.7005608125
1976-06-01,0.0235378613620441,0.55218185774617,0.284628999067138,0.286782906058451,0.42468325,-0.157727172125,1.0737322775,0.206447005625,0.66509103125
1976-09-01,0.707766403976251,0.774361518072908,0.943974687206151,0.80870086975177,0.8621398125,0.257129845,1.42006225125,0.64190085,1.0681956125
1976-12-01,0.993330371294476,0.0443898620845928,1.5517463740311,0.863155535803391,0.9675174375,0.103248828625,1.6516812025,0.59152886875,1.30908368125
1977-03-01,-0.771868874920045,-0.357453394504859,-0.456643862921524,-0.528655377448809,-0.31845115,-0.8295839075,0.3164004275,-0.518455025,-0.086825654375
1977-06-01,2.2383435234488,0.455041786274712,1.49502249747044,1.39613593573132,1.147229175,0.42113083625,1.733011655,0.837061975,1.4124969
1977-09-01,-0.474689999285616,-0.19586442506565,-0.625213307136008,-0.431922577162425,-0.3604962125,-0.876793745,0.281022495,-0.5743394625,-0.10876705
1977-12-01,-0.768957858139885,-0.149374964794369,-0.0108035435728127,-0.309712122169022,-0.01534553575,-0.53696558375,0.52907791625,-0.205989806875,0.18221058375
1978-03-01,-0.22045367846939,1.15068874086841,1.18856523640023,0.706266766266417,1.0782457,0.45266101875,1.57431067625,0.8407519625,1.2693579625
1978-06-01,2.17832370794433,-0.104436200739677,0.405475953243695,0.826454486816116,0.3968285125,-0.190849549125,1.043845305,0.179915489375,0.61709625
1978-09-01,0.370823594427883,2.5678617554485,1.58880011930922,1.50916182306187,1.65882945,1.01174757625,2.34809473125,1.4267315625,1.91731211875
1978-12-01,0.956036279221806,0.573927318754919,0.888529420439355,0.806164339472026,0.8139613875,0.216601632625,1.3733593075,0.590737525,1.01337300625
1979-03-01,4.78813969600491,1.92462066231194,1.43156292262052,2.71477442697912,1.6565705,1.04835538125,2.3624740875,1.41891745625,1.91630805625
1979-06-01,-2.27487753947777,-1.53456847316509,-1.05825323774429,-1.62256641679572,-1.0146400125,-1.62728683875,-0.3009284525,-1.2534170375,-0.75298901875
1979-09-01,0.0139644911147485,1.61266166461882,1.15251197927133,0.926379378334966,1.1018721375,0.37422014625,1.76834082875,0.8294139125,1.36052689375
1979-12-01,2.41859832709892,0.883215049752906,2.40841733787569,1.90341023824251,1.6991833125,0.78579655,2.5117451125,1.32732278125,2.06339436875
1980-03-01,0.551304079998438,1.80852205805682,-0.94690876944501,0.470972456203415,0.3533492125,-0.71604595125,1.492643775,-0.111072775625,0.83772525625
1980-06-01,-0.390056775641412,0.906665673310947,0.208409653335551,0.241672850335028,0.3771919125,-0.39416984875,1.19323102875,0.068540966875,0.710254075
1980-09-01,1.33550148773072,-0.619945386698006,0.916744388876189,0.544100163302967,0.6095867875,-0.316955575,1.4547441675,0.2368749225,0.96307489375
1980-12-01,0.824788851798175,2.42852885419591,1.82712039286965,1.69347936628791,1.5313066375,0.66993763125,2.32433716875,1.19069145625,1.8519045125
1981-03-01,0.851849930824322,1.09066199745911,-0.822838976975326,0.373224317102701,0.5015900375,-0.4337934,1.36607532125,0.12256035875,0.8698912375
1981-06-01,1.00112509267039,0.888492452569878,2.76747765023408,1.55236506515812,1.317709175,0.43338094375,2.265945815,0.94887300625,1.6899702375
1981-09-01,2.5166939042963,0.392824235829536,3.10116190413616,2.003560014754,1.6209991125,0.55078390625,2.68205025,1.17071356875,2.07212505625
1981-12-01,-0.771398247288957,-0.826720688153948,0.351003244162662,-0.415705230426748,-0.19565467625,-0.99459066625,0.678923023749999,-0.5424626375,0.158742525625
1982-03-01,-1.35440616080924,-0.153038945479267,-0.862441819171167,-0.789962308486558,-0.4264959375,-1.222446735,0.40197646625,-0.75209100625,-0.101426430625
1982-06-01,1.30454968987159,0.673903178618218,0.661577520405743,0.880010129631851,0.8115971875,0.059548603375,1.5897355725,0.515108375,1.1201605125
1982-09-01,0.27210901143615,-0.0341568943317938,-2.24867993489077,-0.670242605928806,-0.2275251125,-1.19528499875,0.58960941125,-0.59243293125,0.09429449125
1982-12-01,-2.44242421242244,-1.38905238446583,-1.03191776384293,-1.62113145357707,-1.18582025,-1.93898263125,-0.360794401250001,-1.4966134375,-0.8615506125
1983-03-01,-0.401152401837557,-0.655591575375603,-1.84856893354155,-0.968437636918236,-0.6475679875,-1.48411471,0.209906324375,-0.99103049375,-0.29734940625
1983-06-01,0.103864342483462,-0.930974952207819,0.203301137217693,-0.207936490835555,0.05268818125,-0.711901405,0.818125425,-0.246330791875,0.36232489375
1983-09-01,1.65095192917981,3.40329005102031,3.19206369775777,2.7487685593193,2.3128459875,1.41624354375,3.1336487875,1.9506975125,2.666269375
1983-12-01,2.3143002238486,0.721027347871406,1.96090316095709,1.6654102442257,1.71643215,0.91770943625,2.41138404,1.40674811875,1.99887821875
1984-03-01,1.92220042450284,3.82509552459958,1.50350367281931,2.41693320730724,1.7626066375,1.060481395,2.5730339125,1.4662333125,2.08465659375
1984-06-01,0.704005125616369,0.885037464048999,1.89128085052328,1.16010781339622,1.2676183,0.475834935,1.96646664875,0.95506683125,1.582628325
1984-09-01,0.949112397826823,1.46541229253589,0.328616187428743,0.914380292597154,0.6860564125,0.056721123125,1.3982908175,0.42080846875,0.975726225
1984-12-01,0.217227434587919,0.849303703259174,0.734231827743415,0.600254321863503,0.6408456625,0.00350832801250002,1.27312464875,0.391621425,0.8728196625
1985-03-01,2.12427510404662,0.257720437525499,2.05962953883727,1.4805416934698,1.756231175,0.9709225575,2.34114321875,1.46834425625,2.013142925
1985-06-01,2.75527537335716,2.00835687765757,1.87296157567083,2.21219794222852,1.9580027875,1.33585183125,2.602283025,1.72588599375,2.2060888625
1985-09-01,1.00132296721629,2.06478360695463,0.750175511024587,1.2720940283985,0.9099034625,0.3389652075,1.5959165775,0.68850748125,1.17182486875
1985-12-01,0.114877048254414,-1.55640687222416,0.586500963889236,-0.285009620026836,0.3525229625,-0.396712485,0.92360785625,0.0689719625,0.59339363125
1986-03-01,-0.00826674015357298,2.17388392566473,-0.106933153627153,0.686228010628002,0.19078136625,-0.393614575,0.9862847725,-0.064855611875,0.484728625
1986-06-01,1.02126330564083,-0.779306399977742,-0.798835318479441,-0.185626137605451,-0.21920902,-0.88493747625,0.727981868749999,-0.56418953125,0.1598456
1986-09-01,-0.105981601872607,0.0722612779613385,0.836204875804825,0.267494850631185,0.5408578875,-0.173710893625,1.0979909175,0.2493983025,0.79051996875
1986-12-01,2.38427727267538,2.06332825534794,0.388748246355952,1.61211792479309,1.082081025,0.34292693,2.05996364625,0.6973942625,1.48567734375
1987-03-01,0.899358643132331,0.776679545178283,1.33598724577251,1.00400847802771,1.123585375,0.50481902125,1.622855245,0.87132831875,1.3368007125
1987-06-01,1.3077572212552,1.77981941262608,1.65125202856089,1.57960955414739,1.5527750375,0.97275455375,2.02579269625,1.334805775,1.74066216875
1987-09-01,1.25181975595616,2.33808430009326,1.76826248359454,1.78605551321465,1.709080825,1.11658768125,2.207370725,1.49262956875,1.88964276875
1987-12-01,2.06645782738715,1.62138848010276,2.29619935892664,1.99468188880552,2.0453888125,1.39242403875,2.49718961875,1.79082028125,2.25572150625
1988-03-01,0.351330441658249,-0.385933676424699,1.34016897309728,0.435188579443609,0.931332825,0.0743549851250001,1.45289795875,0.5911533625,1.2041960625
1988-06-01,-0.65664975833446,0.338507988020709,0.616654121316706,0.0995041170009851,0.4528591625,-0.149145706125,0.8645890725,0.223434045625,0.62606519375
1988-09-01,0.592100906445836,0.486616927273076,1.32779510340839,0.802170979042434,1.1098443875,0.473377635,1.50282936375,0.85908666875,1.29149344375
1988-12-01,1.52911677316379,1.60050494023789,1.72278935451864,1.61747035597344,1.6477457625,1.1363750375,2.02807272,1.4567998375,1.7875170875
1989-03-01,0.137408287160667,1.8258911338247,0.816039387549949,0.926446269511771,0.8679219125,0.43665463875,1.41308351,0.72456041875,1.0589428
1989-06-01,2.74054380968245,1.8930204928262,1.76639847216773,2.13332092489213,1.7962506125,1.40222213875,2.2313017425,1.66295588125,1.948908975
1989-09-01,1.01867368727078,0.433598374187305,1.10500569868783,0.852425920048638,1.0273683625,0.5077012875,1.3755980975,0.8491024625,1.148415425
1989-12-01,-0.741023160038168,-0.263808631202167,0.194159784168768,-0.270224002357189,0.12905163125,-0.35802091375,0.4679037925,-0.041715171875,0.248744410625
1990-03-01,0.00720144029102698,1.18443204489154,1.04804314894853,0.746558878043698,0.994536775,0.50076807375,1.33175982,0.83402558125,1.11504881875
1990-06-01,1.21360616304624,-0.760624010095867,-0.0514351800479318,0.133848990967482,-0.010884250875,-0.36876596125,0.50086408875,-0.12470253375,0.148551396875
1990-09-01,-1.18160603477264,-0.253121771527276,-0.128113952467857,-0.520947252922591,-0.14816298625,-0.5770909725,0.203877587375,-0.2834774,-0.032447361875
1990-12-01,0.200567409119223,1.28302684725181,0.157564811958544,0.547053022776526,0.21961858,-0.112277295875,0.754745557499999,0.11365662625,0.39328266875
1991-03-01,0.181043882794363,-3.04773284306119,-0.907524908463664,-1.25807128957683,-0.862235275,-1.23285854875,-0.32087523,-0.97397074375,-0.70162348125
1991-06-01,-0.454426440681033,-0.00683080694194871,-0.18321197033373,-0.214823072652237,-0.16033231625,-0.51474468375,0.2619564625,-0.27159668125,-0.0181960998125
1991-09-01,1.44947924947658,0.0486091173758751,-0.116367057825428,0.460573769675676,-0.0005878988125,-0.3083657275,0.646891697499998,-0.122533330625,0.209872209375
1991-12-01,-0.0911640048219198,0.556314628272858,-0.265808384621202,0.0664474129432454,-0.17738548125,-0.48523748625,0.3641539525,-0.2918583,0.0058769716875
1992-03-01,0.325598367173541,0.885536876772086,1.17407481182052,0.795070018588717,1.1007805625,0.56191714,1.416744725,0.9212736125,1.2081715375
1992-06-01,0.825001494920308,0.955041083184227,0.364775977094922,0.714939518399819,0.4304298875,0.116687986,0.93781876375,0.3252038,0.5991514
1992-09-01,0.945536175640349,1.48948902319965,0.468557276802528,0.967860825214177,0.5392382375,0.23181824275,1.09499914625,0.4306292875,0.72372568125
1992-12-01,2.05915908208887,2.46839438832929,1.68414190486068,2.07056512509295,1.6916302625,1.2991201725,2.13055788875,1.5693945125,1.82497580625
1993-03-01,1.35319960368765,-0.813260287050355,1.54022722156899,0.693388846068762,1.4517093625,0.77345032125,1.76476661875,1.2424955625,1.562705925
1993-06-01,-0.41826102835909,1.77686376795556,0.341252166714767,0.566618302103746,0.3594748625,-0.036806136625,0.829726939999999,0.243652441875,0.50083126875
1993-09-01,-0.898584302543881,0.570618674631085,0.681650537257816,0.117894969781673,0.6223464875,0.053384678125,0.9513127575,0.43906781875,0.723261225
1993-12-01,3.27939754374356,1.0831070481558,1.10254043471585,1.8216816755384,1.1751026,0.8539588975,1.83300126875,1.0685906875,1.37635258125
1994-03-01,1.0257883537319,2.13667508591691,1.79728264094052,1.65324869352978,1.741192475,1.1606914275,2.0702571775,1.561089175,1.84285323125
1994-06-01,1.1918464874574,1.25680899031035,1.08414493863656,1.17760013880144,1.08541565,0.6578682175,1.5294550725,0.9605416125,1.2180500125
1994-09-01,1.41977078503537,-1.0327924687564,1.86395133068071,0.750309882319892,1.7370323625,0.95005382125,2.04577295125,1.4854675,1.868552775
1994-12-01,0.639927238236382,2.82527537254857,-0.102430435737411,1.12092405834918,0.03209331875,-0.2766117575,0.87901730125,-0.10212348375,0.31685610625
1995-03-01,-0.4817658312394,-0.127323451863504,0.338679615609827,-0.0901365558310256,0.3092350875,-0.22865531,0.68832646125,0.143690093125,0.41704351875
1995-06-01,0.844109191954701,-0.509517796310099,1.09773047058965,0.477440622078085,1.0289337375,0.377727445,1.35884477375,0.828579275,1.13605331875
1995-09-01,2.63393860229932,2.81272163515656,1.34254355525627,2.26306793090405,1.4283022625,1.10436836875,2.168745785,1.3185629625,1.66671694375
1995-12-01,-0.985033994084361,-0.205556936851892,1.26165030126693,0.0236864567768909,1.06117955,-0.00327119372499997,1.3744414175,0.69161396875,1.23907961875
1996-03-01,1.82676210439681,1.6532551922591,1.05972569472783,1.51324766379458,1.1069819875,0.7740712875,1.669253485,1.00977319375,1.2914332875
1996-06-01,1.69804182085613,0.200512263326225,0.0167894535762159,0.638447845919525,0.1301566675,-0.15127018175,0.85672354625,0.0111346619375,0.3643593625
1996-09-01,0.0209237330697221,1.14064667182987,1.27710288028027,0.812891095059953,1.1970312875,0.58384518,1.48920402375,1.00515665625,1.29839023125
1996-12-01,0.756945278723364,0.699806335792275,1.29634555577489,0.91769905676351,1.2113453625,0.64701796875,1.490690155,1.02019059375,1.315040325
1997-03-01,1.15443430768583,0.666478711919538,0.308429444646308,0.709780821417224,0.3860979125,0.105771665375,0.93430862875,0.28867386875,0.56503634375
1997-06-01,2.91251084411694,3.61511861111161,2.30538710084609,2.94433885202488,2.345591325,2.024353625,2.858290375,2.249905075,2.5036203125
1997-09-01,-0.132996849846201,0.122694951308411,0.471331443216982,0.153676514893064,0.4397859375,-0.00469989042499997,0.7308377875,0.30312556875,0.52439620625
1997-12-01,1.97257678752223,0.458848402552192,1.82572936835435,1.41905151947626,1.7559187,1.2017388725,2.02626482,1.5751599875,1.84602645625
1998-03-01,0.275814315212486,1.17288761123024,0.393024332983138,0.613908753141956,0.4254833625,0.12918711425,0.861222562499999,0.34026145,0.563175525
1998-06-01,0.587557372184122,1.24110341554342,1.3127173122216,1.04712603331638,1.2627017,0.80760350625,1.52001056625,1.11568458125,1.344371225
1998-09-01,1.84479769267458,2.28047520491081,1.40177202212755,1.84234830657098,1.449352975,1.1767205075,1.9226947225,1.365298375,1.5912913125
1998-12-01,2.22861693415126,0.7860812956892,1.58087583960462,1.53185802314836,1.56235555,1.1457178025,1.87123202875,1.43525474375,1.64956973125
1999-03-01,0.23334269414832,0.834460988783015,1.16241716383705,0.743406948922794,1.0889228875,0.58469901625,1.331674645,0.92608498125,1.17941281875
1999-06-01,0.798097744860726,-0.0377123904401699,0.401465048900995,0.387283467773851,0.4023753625,0.082878263,0.747085175,0.30829683125,0.5053916125
1999-09-01,1.15119401272263,1.1526171072445,0.973338648904054,1.0923832562904,0.9852948875,0.68543919625,1.338338235,0.90191001875,1.09179468125
1999-12-01,1.52238523510313,2.30314257645574,1.21824677269888,1.68125819475258,1.277609625,1.02950288625,1.766650475,1.19556079375,1.43727994375
2000-03-01,-0.184824483665125,0.331380219237865,1.03511864952797,0.393891461700235,0.921388325,0.330926375,1.15812579625,0.7142561,1.03040913125
2000-06-01,1.48262113083515,0.817205324394621,0.642887401596504,0.980904618942091,0.690855075,0.439588475,1.12764985625,0.61314241875,0.8384445125
2000-09-01,0.448486620784472,0.123187361594113,0.243813051300101,0.271829011226229,0.253231675,-0.037082528875,0.6023412225,0.169826476875,0.36325305625
2000-12-01,-1.07546384395167,0.349049308222682,-0.497254305596329,-0.407889613775107,-0.4673324375,-0.7503573775,-0.032753249875,-0.54351145625,-0.3332664625
2001-03-01,1.42293246924563,0.364860339085737,1.04401906371105,0.943937290680807,1.035128525,0.646624155,1.328306785,0.91622929375,1.115588875
2001-06-01,1.03494383251128,0.386610623657724,1.26464501614212,0.895399824103708,1.211988325,0.72890276375,1.4686363675,1.0570197375,1.29194280625
2001-09-01,1.45315528326897,1.30143136280818,0.602250766390711,1.11894580415595,0.67833875,0.4333030175,1.23109659,0.59154500625,0.85678566875
2001-12-01,0.224854530718943,2.0946728316094,1.22298350263108,1.18083695498648,1.1899879625,0.71632454875,1.50073310625,1.0474983375,1.272215525
2002-03-01,1.12185337926771,-0.319747058802733,1.53279992108803,0.778302080517671,1.4427797,0.81504274,1.67609589625,1.23678846875,1.53970169375
2002-06-01,1.87167006649798,2.36643998038257,0.941613794516094,1.72657461379888,1.038780275,0.787066885,1.68745473625,0.9370674875,1.25127874375
2002-09-01,-0.277667980020979,0.310968655624144,0.657069789146547,0.230123488249904,0.5948965,0.09159030775,0.8528543025,0.43457541875,0.6808382875
2002-12-01,1.44558321137627,0.438127988212145,0.61026381984064,0.83132500647635,0.6412229875,0.382793095,1.067475745,0.56565769375,0.77163158125
2003-03-01,0.55336602478846,0.0337031539153543,0.116551801168718,0.234540326624177,0.1447003375,-0.108741119875,0.531196835,0.071210485625,0.26565238125
2003-06-01,-0.21812295890804,1.03480831622633,0.408811325347713,0.408498894222002,0.4150534875,0.086117949625,0.77369955,0.32315351875,0.5214294
2003-09-01,1.83994612258882,1.65911780777677,1.52037286349085,1.67314559795215,1.52688025,1.22043529125,1.8664058825,1.44406020625,1.6329347375
2003-12-01,1.65086581375231,1.67755873987883,1.70563508817896,1.67801988060337,1.6866043625,1.3182802525,1.959912365,1.5650428875,1.7638224375
2004-03-01,1.06495685498018,0.045998160884686,1.14383189839486,0.751595638086577,1.080367275,0.567253205,1.34373527875,0.91183028125,1.165735575
2004-06-01,0.175239698083907,1.14362505734764,0.937885113884285,0.752249956438611,0.9034754,0.43997692125,1.1984798575,0.7583960375,0.98537511875
2004-09-01,1.09967404051972,0.742952417843945,0.136990197235676,0.659872218533112,0.2638010375,0.00962225787500001,0.878635812499999,0.14170355875,0.49503776875
2004-12-01,0.41309141119239,1.14152899605742,0.707289617616169,0.753970008288659,0.7072069375,0.336146515,1.078504175,0.59893739375,0.8131198875
2005-03-01,0.950207798582703,0.832587578865684,0.675419413192735,0.819404930213707,0.7039447875,0.39482538,1.14986732625,0.61419354375,0.8426754625
2005-06-01,0.596713232758539,-0.824101218260509,1.61413079172057,0.462247602072866,1.369600775,0.31469264875,1.69312256875,0.96982154375,1.58277263125
2005-09-01,0.9870733947837,2.08767534532708,0.157060171543044,1.07726963721794,0.340576625,0.04608451375,1.2348497225,0.1718729875,0.68263006875
2005-12-01,1.21923903607328,0.620186386189125,0.575364513507992,0.804929978590133,0.621914975,0.32539142125,1.13082438,0.53579654375,0.78566915
2006-03-01,-0.547503800090254,0.271244603259291,0.511078792007957,0.0782731983923313,0.4365706375,-0.108724242625,0.70797614125,0.246874205,0.52781259375
2006-06-01,0.325942147327218,-0.147667551164865,0.671940771853663,0.283405122672005,0.598934975,0.0349675035,0.86379666375,0.40316324375,0.6888831625
2006-09-01,1.89091725716253,1.59716468060509,0.983766029590782,1.49061598911947,1.0799373125,0.82759075625,1.63829166375,0.977614675,1.28565270625
2006-12-01,0.851035679401768,1.31232908751677,1.5158355384397,1.22640010178608,1.448751475,0.96945367,1.70701068625,1.27619688125,1.5355829125
2007-03-01,1.53997487347226,1.27182480027273,1.29109535141314,1.36763167505271,1.2885922375,0.954626875,1.62078828375,1.1892180625,1.38546495625
2007-06-01,0.555223278855443,1.25027179586414,0.179394451320825,0.661629842013471,0.307255825,0.050895110875,0.964194724999999,0.18317599,0.5384777375
2007-09-01,1.75195728119562,0.539646532959459,1.20195608551352,1.1645199665562,1.16639415,0.701383905,1.4646488575,1.01560996875,1.24910940625
2007-12-01,0.171142588977347,0.439533880846277,0.441642774940298,0.350773081587974,0.440792675,0.096842219375,0.76714849875,0.33726425625,0.53384089375
2008-03-01,1.08107267946398,1.02308757247904,1.2493526161375,1.11783762269351,1.2171571875,0.78218009625,1.49785677625,1.07135215,1.29664053125
2008-06-01,-1.01771191701516,1.13005386379879,0.978326095665594,0.363556014149739,0.937175625,0.4043340775,1.2132985875,0.7725899125,1.01825911875
2008-09-01,1.20150451156036,0.10789761801675,0.71398232505917,0.67446148487876,0.680971325,0.183096907,0.99625888375,0.5176552125,0.7617172125
2008-12-01,-0.538629108670463,-0.568906798135771,-0.201907111793531,-0.436481006199922,-0.21639787875,-0.6591130575,0.1090292495,-0.34888095,-0.130969608125
2009-03-01,2.21706282028045,1.23661699520525,-0.399422533743277,1.01808576058081,-0.0509453375,-0.44808248,1.22590652,-0.3461926375,0.582701125
2009-06-01,0.814463436143242,0.67991379008312,0.438158368748276,0.644178531658213,0.47716985,0.181152240625,0.957855548749999,0.3989016875,0.63458965
2009-09-01,0.111850200196173,0.056699977645458,0.766885114731153,0.311811764190928,0.681333825,0.07337285425,0.939716645,0.4705328,0.77740303125
2009-12-01,0.202198875155446,1.23386192465453,0.973353809002475,0.803138202937485,0.96718155,0.5919128625,1.27961765,0.8573670875,1.0529938125
2010-03-01,0.687917459429599,-0.098133781476939,0.787066500441291,0.45895005946465,0.7299999375,0.183615566,0.97220783375,0.55765913125,0.8072797375
2010-06-01,0.00188856818201799,1.06587313400635,0.85125208653718,0.639671262908514,0.8416837875,0.48067973875,1.1411564575,0.73392836875,0.92240664375
2010-09-01,1.23956809804895,0.693420091884356,0.0611361358547668,0.664708108596024,0.15156071,-0.0635043805,0.72505914375,0.058628463125,0.3498095875
2010-12-01,0.388467285777772,1.25796102730025,0.848912603155583,0.831780305411201,0.8544183875,0.5618918225,1.182702725,0.772040875,0.94794449375
2011-03-01,0.47782138865653,-1.35157634562546,0.0554323168106663,-0.272774213386088,0.02656366375,-0.464392345,0.27487101,-0.098859566875,0.094273804375
2011-06-01,0.79873626193514,1.38979721570749,1.46670195736718,1.21841181166994,1.4389197,1.07717779625,1.65475493375,1.32748081875,1.502772875
2011-09-01,0.947189826515071,1.6981618523916,1.39986763501039,1.34840643797235,1.396855775,1.12027215625,1.669346335,1.31813124375,1.47233210625
2011-12-01,1.47333385585355,1.35773070936782,0.485280797061449,1.10544845409427,0.566137825,0.39308070625,1.10888219125,0.48612495,0.7357398125
2012-03-01,0.931738801771509,0.949809634774113,1.29822214346014,1.05992352666859,1.2636056625,0.91221047875,1.44395344375,1.15363373125,1.32017594375
2012-06-01,1.65711146540257,0.00628225792418391,0.490813454523042,0.718069059283266,0.4792395125,0.1928083465,0.6964734875,0.39436486875,0.53939625
2012-09-01,0.37077143882005,0.728220513644828,0.663523778418451,0.587505243627776,0.6654165625,0.45545103375,0.88762727375,0.6052105875,0.733045
2012-12-01,-0.331423070542769,0.925910088513859,0.719577364876578,0.438021460949223,0.7261693125,0.529505095,0.94206711375,0.6721194875,0.79494580625
2013-03-01,0.957214570248688,0.420445574219208,0.251933242795133,0.543197795754343,0.2817475125,0.129117011,0.5245027975,0.234132305625,0.36080128125
2013-06-01,-0.19155750515516,0.678759916671368,0.619321802485118,0.368841404667108,0.6197248375,0.43051838125,0.7978199875,0.56639085,0.67226135625
2013-09-01,1.27213518360847,0.405778267215062,0.745109223133156,0.807674224652229,0.7161461625,0.46178750875,0.85897249125,0.63118681875,0.7612915625
2013-12-01,0.555393397466553,1.01454931561751,0.760708829366052,0.776883847483371,0.7867564875,0.64710631375,1.01206479875,0.7430713125,0.86213303125
2014-03-01,1.18544073422253,0.575822915590329,0.631624554225318,0.79762940134606,0.6300598875,0.46520388125,0.784862245,0.57967585625,0.67582544375
2014-06-01,0.128118953671574,0.64788433380798,0.659293407596095,0.478432231691883,0.6549323375,0.49218324875,0.7997074675,0.60556775625,0.69832961875
2014-09-01,0.878595973526686,0.105406116063378,0.222452964526809,0.402151684705624,0.21537262375,0.04513915525,0.363651945,0.1621007,0.2585704
2014-12-01,-0.055622441485248,0.662789409446951,0.499964007145337,0.369043658369013,0.5173054875,0.36620108625,0.7095202875,0.47404149375,0.57948381875
2015-03-01,1.38719661793676,0.722399260357953,0.813651986110919,0.974415954801877,0.805012025,0.62639188,0.96699333375,0.7504837,0.8506470625
2015-06-01,-0.861039714364686,0.602713570645363,0.547587158097862,0.0964203381261797,0.5447645625,0.3555230975,0.70337864625,0.48977685625,0.5938061375
2015-09-01,1.33516258117776,0.973914499836148,0.646038261132986,0.985038447382299,0.6975117375,0.5607957925,0.95898798875,0.6433046125,0.78566669375
2015-12-01,0.566284687441687,0.58129869189969,0.690986761072132,0.61285671347117,0.6800116625,0.48553466125,0.83553455625,0.61881403125,0.72575768125
2016-03-01,1.61899546661228,0.327646664205972,0.817045845827558,0.921229325548604,0.7891216875,0.49154169875,0.94657630625,0.699928325,0.83724553125
2016-06-01,0.442623978339718,0.66736156271805,0.807240200292902,0.63907524711689,0.7895763125,0.5682171675,0.94936712375,0.7158987125,0.83670276875
2016-09-01,0.19438960125413,-0.0207766747946536,-0.156852502319182,0.0055868080467647,-0.12970122125,-0.28690567375,0.11337295325,-0.178862948125,-0.0516665575
2016-12-01,1.07107884313908,1.37382169290081,0.998683491191699,1.14786134241053,1.0282538875,0.8570260425,1.31048886,0.97635424375,1.1186994125
2017-03-01,-0.366611686405172,0.684855864551714,0.6756823805949,0.331308852913814,0.6479408125,0.36745251875,0.81441030875,0.55968843125,0.699798825
2017-06-01,0.698321619197806,0.412000134848434,0.604148528157289,0.571490094067843,0.5978495625,0.3656360275,0.796084465,0.5214162375,0.65576874375
2017-09-01,1.35112794917003,0.490342363420737,1.02053217903535,0.954000830542038,1.00334135,0.70450405125,1.21288890375,0.91418055,1.06493235
2017-12-01,0.266131932575853,0.944670022412097,-0.0373773453063109,0.391141536560546,0.049392855,-0.126501727875,0.514842595,-0.0348179525,0.197513601875
2018-03-01,1.02108680094712,1.10793024428908,1.04182980271439,1.05694894931686,1.0403599875,0.8032349325,1.256867705,0.9661172125,1.1102560875
2018-06-01,0.649735587780143,0.343315554874835,1.11671532905717,0.703255490570716,1.0211970375,0.5863463625,1.20611811,0.8625665375,1.11242419375
2018-09-01,0.726442952285389,0.147183399390727,0.274019379619617,0.382548577098577,0.3089473875,0.106567609875,0.61715936375,0.246334533125,0.4131234625
2018-12-01,-0.00634941852908355,0.640870490407686,0.0849860777716316,0.239835716550078,0.1130100275,-0.08865725575,0.432908223749999,0.05101332625,0.216045956875
2019-03-01,0.625482497320995,1.07675458917385,0.651386661651188,0.784541249382009,0.6703162375,0.45904586,0.962496036249999,0.606376925,0.76333754375
2019-06-01,0.294973481408078,-0.166022074087024,0.640403089223618,0.256451498848224,0.5480026375,0.154828101875,0.74241071625,0.40442578125,0.63711739375
2019-09-01,0.896473782327334,0.209466400371561,0.617462671064928,0.574467617921274,0.62577855,0.3579901325,0.89632934625,0.5497716375,0.71581348125
2019-12-01,0.273649987487445,1.09504861668555,0.392321748154068,0.58700678410902,0.4233164875,0.197563931,0.777414348749999,0.3502648375,0.5407306875
2020-03-01,-0.122476396034799,-0.00588088272230891,-0.343443246340236,-0.157266841699114,-0.2666539875,-0.48035009625,0.0818315659999998,-0.35020695,-0.1381174225
2020-06-01,-7.00424585982145,-7.10516083953774,-6.9836679180046,-7.03102487245459,-6.841024125,-7.058044525,-6.3737486625,-6.9586369375,-6.685438875
2020-09-01,3.3804663422849,3.20664364513821,3.55490739089284,3.38067245943865,3.40219375,3.0250066,3.63225625,3.2509999375,3.5303531875
2020-12-01,3.43978320458866,3.10338219725246,3.56641040693564,3.36985860292559,3.4136635,3.009817325,3.647833,3.2511631875,3.54345925
2021-03-01,2.39094757281251,2.69821913621868,1.5833660061416,2.22417757172426,1.9368442625,1.5592024175,2.51896075,1.6817442125,2.19990240625
2021-06-01,0.369363296963776,0.690036856354403,1.18172013572497,0.747040096347718,0.9164054625,0.4685119375,1.2202612125,0.71575243125,1.11268284375
2021-09-01,-1.53547549557054,-2.09577697471097,-1.68960818020594,-1.77362021682915,-1.689249725,-1.95809118625,-1.410905155,-1.7789659125,-1.599077075
2021-12-01,3.64406634724102,3.72721282642043,3.46246940098975,3.61124952488373,3.487029375,3.2604489625,3.74544925,3.416735875,3.5852095625
2022-03-01,1.03491353858196,1.13982819479883,0.818687308565025,0.997809680648606,0.917113725,0.72106890125,1.212478485,0.82352160625,1.03335488125
2022-06-01,0.510081167684362,1.0435107662687,1.1469562432433,0.90018272573212,1.0575424125,0.75761225375,1.2465430925,0.94454696875,1.1448226125
2022-09-01,0.436399183848302,0.359579751468786,0.567209204869634,0.454396046728907,0.5056334,0.26116351125,0.686638685,0.40655221875,0.575442
2022-12-01,1.24491815609904,0.814996718507643,0.492221205268173,0.850712026624952,0.6615784375,0.453952455,0.96616939125,0.5391923375,0.78977795625
2023-03-01,0.685951450928535,0.391747811893595,0.629316505617616,0.569005256146582,0.56859285,0.33632122625,0.74301375625,0.47255254375,0.63625825625
2023-06-01,0.0568130595134164,0.372187010744973,0.612785540536365,0.347261870264918,0.49692285,0.25740572375,0.66808504,0.39815066875,0.590396175
2023-09-01,0.511215686333522,0.373651649095663,0.22512698171866,0.369998105715948,0.2900604875,0.142056479625,0.49949906,0.2257213525,0.3712802
2023-12-01,-0.0354354640931476,-0.0271031320750126,0.159663007506339,0.0323748037793929,0.09731351375,-0.099270588,0.246744010375,0.0143300685,0.158922210625
2024-03-01,0.452985685536156,0.456477494771335,0.122713323075097,0.344058834460862,0.2510699125,0.081315409625,0.49474372875,0.153309614375,0.364177175
2024-06-01,-0.16314274582836,0.419225449713778,0.249738247495479,0.168606983793633,0.281498725,0.122543530625,0.45469334875,0.22845008125,0.35376816875
2024-09-01,0.589481901412725,0.119731974947968,0.108135535436915,0.272449803932536,0.1305860375,0.0101878689375,0.31224026375,0.089560719375,0.19079688125
2024-12-01,0.404305144618533,0.470415764551291,0.444105659724769,0.439608856298198,0.4516013875,0.3180097725,0.58832233125,0.409465975,0.49654540625
2025-03-01,0.516423359321649,0.380479792255528,0.276826093482008,0.391243081686395,0.3177781875,0.197150856,0.48369128125,0.2730215375,0.37776589375
2025-06-01,0.532910376600526,0.838905301557702,0.961219609319741,0.777678429159323,0.9076340625,0.73758769625,1.02523611,0.842995025,0.9595730625
2025-09-01,0.655855593583965,0.341011881631914,0.510186962140047,0.502351479118642,0.4727881375,0.30897293875,0.608054225,0.40759173125,0.5180913
2025-12-01,1.01315092360519,0.854895871319172,0.856442634911225,0.908163143278529,0.85888495,0.7326824375,1.00601684125,0.819066625,0.904802675
2026-03-01,0.0586029252161779,0.404853031983521,0.394323412472808,0.285926456557502,0.3897249625,0.239790129875,0.506251145,0.3427007875,0.427435375
2026-06-01,0.264721136381851,0.517333208705217,0.473574950705391,0.418543098597487,0.477394475,0.33269856,0.61282042875,0.4341580625,0.5225507625
